origin,destination,path,line,direction,itinerary,boarding_station,alighting_station
0,1,1,1,1,1,0,1
0,2,1,1,1,1,0,2
0,3,1,1,1,1,0,3
0,5,1,1,1,1,0,2
0,5,1,2,1,2,2,5
0,5,2,1,1,1,0,1
0,5,2,3,1,2,1,5
1,2,1,1,1,1,1,2
1,3,1,1,1,1,1,3
1,5,1,1,1,1,1,2
1,5,1,2,1,2,2,5
1,5,2,3,1,1,1,5
2,3,1,1,1,1,2,3
2,5,1,2,1,1,2,5
4,2,1,2,1,1,4,2
4,5,1,2,1,1,4,5
